0,187,0,0,0,6,2,18,1,66,64,59,198,135,0,0,0,9,0,0,123,10,7,208,0,18,36,87,0,12,0,1,0,0,0,1,18,44,0,59,803,0,0,0,22,0,1,0,0,0,0,41,19,0,2,47,0,0,35,46,0,0,0,26,0,0,56,91,24,151,28,20,0,1,0,156,0,0,0,0,0,0,33,50,0,0,0,0,9,1,0,14,0,2,70,0,12,212,19,0,1,0,0,55,190,204,246,133,6,25,0,0,0,203,7,0,107,0,0,0,62,191,3,17,18,0,0,8,0,20,0,0,0,334,0,163,55,44,77,6,55,71,9,253,0,0,0,0,0,0,0,0,0,0,19,51,150,8,0,0,0,0,0,20,0,23,0,30,0,0,0,90,0,0,14,0,0,751,0,0,0,0,42,8,19,16,0,9,0,0,19,0,13,0,14,0,50,80,0,0,2,0,14,22,29,16,8,2,25,59,71,19,5,0,178,0,40,0,0,0,0,46,47,12,625,0,100,0,0,49,0,73,143,28,13,45,0,2,0,0,57,0,0,27,42,76,0,294,3,0,0,0,25,33,0,20,0,0,8,17,0,0,36,0,0,0,14,0,110,38,0,3,23,0,37,33,28,0,41,0,0,13,0,0,0,0,119,66,68,0,8,31,0,0,0,0,0,23,20,0,0,70,0,0,22,0,0,0,6,0,0,107,50,0,0,9,0,0,49,57,1,0,1,40,46,0,7,9,0,0,48,0,34,0,0,32,0,0,0,0,0,14,4,0,0,0,10,34,3,19,0,1,0,0,23,0,10,0,0,0,0,0,0,3,0,0,2,58,17,0,0,21,45,56,0,0,11,1,33,18,0,1,0,0,0,13,78,0,9,0,1,8,0,60,26,18,0,0,0,0,0,48,0,77,23,175,2,0,0,4,0,41,0,0,0,14,0,8,0,54,15,22,37,0,0,0,16,8,41,0,0,0,9,0,0,0,100,6,0,0,19,0,79,27,62,3,0,0,0,0,0,29,0,0,0,0,3,31,18,0,1,0,26,64,0,20,3,0,30,40,0,0,4,2,0,0,11,0,16,0,0,157,0,0,68,0,0,197,0,1,0,87,0,54,0,0,278,9,3,0,13,11,0,0,12,10,81,0,0,0,0,0,35,0,0,1,37,10,0,10,0,0,0,0,19,0,0,0,0,0,0,0,0,22,0,0,7,0,8,45,1,0,1,0,0,0,23,3,5,0,0,0,0,3,0,0,0,0,0,0,0
0,0,52,0,0,0,8,0,0,33,117,20,0,35,247,0,0,0,0,72,75,0,0,0,0,0,26,0,47,7,0,0,3,0,0,30,31,0,0,0,749,15,0,0,6,0,15,0,0,0,0,0,35,0,20,0,40,13,63,150,52,0,26,22,20,12,61,146,8,0,13,0,0,0,0,97,0,5470,0,51,1,0,51,0,0,163,0,0,14,6,0,10,0,10,1,0,0,134,1,0,0,51,142,0,177,77,354,106,0,0,0,0,0,0,19,0,189,0,0,19,0,108,0,29,22,0,43,0,0,0,0,0,0,0,74,0,11,0,43,0,0,0,15,165,0,46,21,0,3,0,1,0,58,0,40,68,115,0,6,0,3,0,0,0,0,1,0,1,0,0,0,99,1,17,146,3,0,431,0,0,0,39,93,14,15,27,0,10,0,0,0,14,0,0,46,0,0,47,0,0,1,0,2,0,39,37,13,0,0,0,58,26,36,20,158,31,0,0,0,0,20,28,97,0,0,0,18,0,0,102,24,26,55,1,0,0,21,0,0,0,55,0,30,170,1,92,0,645,0,0,0,0,50,131,10,23,2,0,0,0,281,0,0,85,32,0,0,18,236,0,0,0,0,0,121,0,84,26,55,0,26,1,0,0,189,0,0,0,18,0,0,0,7,0,18,0,0,0,1,0,52,0,12,0,0,0,0,0,18,2,0,115,96,0,11,26,0,21,17,59,0,0,22,0,42,31,0,79,170,22,11,0,11,54,0,0,0,43,0,77,0,2,4,61,0,0,1,107,22,0,63,26,53,0,50,8,12,0,0,0,34,0,0,84,26,50,30,0,0,0,10,6,79,31,4,0,0,0,0,0,26,0,0,0,0,0,30,0,77,3,0,0,0,15,18,0,0,1,0,0,0,63,29,26,8,1,0,0,61,0,10,26,0,0,29,0,242,0,23,12,69,27,0,0,0,6,54,35,38,0,0,0,0,0,0,0,74,0,7,0,51,0,2,6,0,0,33,2,41,25,0,0,0,0,0,0,8,2,18,0,0,0,17,54,0,11,0,0,0,0,0,0,9,0,5,9,1,0,0,0,0,346,0,2,0,0,0,298,0,0,0,60,0,0,0,1,17,0,0,0,25,1,7,0,0,0,88,0,0,0,0,0,69,46,22,0,49,0,60,0,55,120,12,4,0,0,0,0,0,0,0,0,15,37,53,0,31,5,0,60,3,0,11,0,0,0,0,6,12,0,0,0,0,8,0,0,0,0,3,0,0
0,44,34,61,4,0,0,0,0,14,10,0,115,122,0,0,2,0,0,0,282,14,0,253,0,0,38,0,23,1,0,0,0,0,0,0,29,2,23,11,1059,10,0,13,0,18,8,53,0,0,0,0,17,25,0,27,13,0,99,46,0,0,14,28,28,26,0,80,0,0,27,0,0,0,0,165,0,0,0,158,18,0,0,79,0,0,0,0,0,0,0,15,0,9,0,11,17,186,3,28,0,0,0,154,93,278,0,146,26,0,0,0,0,0,4,0,161,0,0,0,23,176,0,80,66,0,1,0,0,0,0,0,0,88,141,158,27,0,17,10,23,94,13,237,3,63,10,0,4,0,4,0,16,0,24,74,106,102,7,0,8,14,0,173,0,0,53,0,13,0,45,189,3,3,36,12,0,493,0,0,47,41,0,11,15,17,0,0,14,29,18,6,0,0,20,0,37,51,36,0,0,0,88,0,12,0,0,0,0,21,97,48,0,45,0,1,0,0,0,0,6,49,1,1,282,0,108,0,0,0,7,54,0,42,1,0,2,0,8,0,10,0,42,0,4,106,0,240,2,0,44,0,0,89,35,0,32,0,25,17,46,18,0,30,0,0,0,0,6,2,4,27,0,0,68,18,0,0,89,0,16,0,0,0,84,0,44,0,30,0,5,24,10,109,0,0,0,0,0,5,69,20,0,0,0,0,44,0,0,5,6,0,8,111,0,10,0,0,26,0,28,0,0,50,66,53,6,57,30,0,0,1,0,0,0,0,0,0,0,20,0,26,0,0,0,0,0,15,23,0,0,8,0,22,0,0,9,33,60,0,0,0,3,22,0,12,0,0,0,18,0,7,0,0,0,0,47,0,2,1,96,0,0,0,0,7,35,0,1,3,0,4,0,0,32,10,0,6,6,0,0,71,0,0,0,0,0,1,0,45,4,0,0,14,0,0,175,11,11,58,0,34,0,143,0,0,65,2,15,0,0,0,8,0,7,0,90,0,31,0,32,15,85,0,37,0,0,0,28,18,0,74,22,0,0,0,5,2,0,0,0,33,14,0,0,32,0,9,8,0,0,0,6,0,6,28,9,63,0,0,0,278,0,0,0,0,0,96,0,11,0,88,4,25,31,6,368,0,16,0,0,43,9,37,0,0,57,0,0,0,0,11,17,0,0,17,9,0,60,0,56,0,8,0,2,3,0,0,0,0,0,0,0,0,0,0,0,0,0,48,0,0,7,1,0,6,5,0,10,0,0,0,0,15,0,5,0,0,0,0,0
0,49,0,79,0,45,0,0,0,76,8,0,181,137,0,0,29,17,0,0,256,3,0,399,108,0,0,99,32,14,0,15,7,0,0,0,40,13,1,0,0,31,0,19,16,0,0,32,0,0,0,0,0,0,32,1,26,0,80,0,0,0,0,0,0,0,80,0,12,108,21,11,0,0,0,300,13,3321,0,333,33,0,15,81,0,0,49,0,0,0,0,0,0,0,23,0,26,22,46,0,37,0,0,230,0,231,136,0,117,24,0,0,0,0,6,39,56,0,0,11,14,190,8,130,0,0,0,0,0,52,0,0,0,314,66,335,122,0,0,6,0,0,4,368,4,47,19,0,16,0,61,0,1,0,0,98,64,0,8,0,78,74,0,189,0,0,27,0,0,0,1,0,1,5,0,18,0,420,0,0,0,0,0,5,0,0,0,10,0,0,89,0,0,0,20,29,146,0,0,0,0,0,26,0,51,33,0,34,0,24,0,0,77,22,135,0,0,0,27,0,0,0,0,0,0,0,0,106,0,0,0,68,83,0,0,1,11,0,0,17,0,0,152,0,0,100,28,392,0,13,10,0,29,65,0,0,0,60,0,7,0,0,9,0,0,0,0,166,0,0,0,0,0,0,91,40,49,0,30,0,0,50,0,0,0,0,0,89,66,0,0,0,0,36,0,0,0,7,0,0,10,7,0,0,0,0,134,0,0,0,0,0,31,234,89,39,0,1,80,0,0,0,72,0,19,0,0,0,60,1,83,0,52,0,0,74,0,48,0,48,10,16,0,0,0,0,0,0,8,74,0,8,0,0,0,0,0,0,0,0,6,0,21,36,5,37,0,0,36,0,29,8,0,0,0,30,34,31,0,0,0,0,0,0,0,0,89,0,0,24,12,2,0,3,47,0,0,0,1,0,0,0,0,51,1,184,0,0,0,0,0,0,0,0,0,1,0,16,0,31,0,19,3,91,1,0,27,38,155,0,0,0,0,0,18,0,141,1,2,0,18,0,560,0,99,1,0,0,0,6,0,57,13,0,0,0,3,0,0,0,1,0,18,0,0,1,7,0,26,0,0,0,5,21,0,38,0,7,0,0,0,0,39,20,13,0,0,103,42,54,0,80,0,0,50,0,211,0,6,0,0,16,0,167,0,9,25,21,0,0,0,2,0,0,0,0,100,1,0,0,0,53,0,11,0,0,35,0,0,0,0,12,0,34,3,0,18,0,43,79,0,0,0,0,0,0,0,0,0,0,47,33,0,14,0,6,0,0,0,0,0
0,64,0,95,1,4,0,14,0,103,57,28,272,126,216,0,0,42,0,0,22,29,7,0,42,0,13,124,0,0,0,0,0,0,21,31,14,32,15,0,1288,0,0,0,0,0,0,0,0,0,0,6,0,0,2,0,20,4,101,16,0,0,0,2,0,0,42,82,0,0,24,0,0,0,0,151,6,0,0,0,0,0,0,77,0,194,183,0,8,0,0,0,0,22,0,0,17,78,0,0,1,5,0,68,184,0,0,142,9,13,0,5,0,71,0,0,0,0,0,0,5,33,89,62,1,0,0,0,0,1,0,0,0,520,94,165,32,43,0,0,55,38,0,0,0,14,16,0,4,0,29,0,0,0,0,0,232,0,0,0,9,0,0,11,0,43,0,0,0,0,0,68,27,0,60,0,0,525,0,0,40,53,42,26,29,0,0,3,0,15,0,0,2,0,31,0,0,92,37,0,0,0,0,0,6,0,0,6,33,96,71,0,0,149,89,24,0,0,0,0,11,6,0,0,308,0,130,0,0,108,57,206,58,0,0,82,0,22,58,0,60,0,0,27,1,86,0,352,9,5,12,0,92,0,1,57,36,0,0,14,0,37,219,50,54,0,0,98,40,0,19,17,0,0,59,89,42,0,44,14,12,35,0,2,46,0,57,146,40,0,9,0,0,1,16,0,0,61,33,0,0,27,63,0,33,0,0,0,0,1,0,4,76,0,4,0,0,29,0,25,0,0,15,47,12,0,18,55,0,28,22,0,30,79,26,0,47,0,0,21,24,0,7,0,0,0,38,98,0,0,40,0,15,19,16,0,1,0,0,0,90,8,22,0,0,0,33,0,0,8,0,2,92,0,3,0,0,0,1,0,0,0,0,0,0,0,54,0,0,0,4,0,0,224,35,0,0,0,9,0,0,0,0,23,0,50,0,2,1,56,0,63,0,21,0,30,162,0,15,0,0,64,119,417,0,3,1,131,0,1,1,0,11,0,0,9,12,47,4,76,0,51,13,0,104,0,0,1,0,15,0,37,0,0,0,0,0,0,0,0,0,2,0,24,0,84,0,0,0,42,0,29,7,24,37,20,0,11,0,0,0,113,0,35,50,22,0,185,7,16,0,124,97,4,0,0,123,1,47,20,17,0,14,0,0,0,110,5,0,15,0,3,0,0,0,91,0,0,56,0,2,171,0,19,32,0,0,0,0,0,21,30,5,0,15,0,23,0,0,36,0,0,0,0,0,0,24,0,0,0,0,0,0,21,0,13,0,10,0,0,0
0,100,4,98,0,38,18,0,0,23,1,10,222,0,285,0,0,2,0,94,0,2,0,503,29,8,0,3,0,1,0,9,0,0,0,0,46,0,33,69,674,0,0,0,4,0,0,0,0,0,0,0,30,18,0,0,84,0,45,0,11,0,0,3,0,24,1,51,2,0,47,0,0,0,0,179,0,3547,0,54,0,47,45,0,26,0,35,25,0,0,0,0,0,0,0,0,20,165,0,0,0,0,382,102,335,124,313,191,37,0,0,0,31,74,9,0,95,0,9,40,0,185,30,21,60,0,0,0,0,0,0,0,0,0,92,251,41,12,171,4,0,181,0,202,16,11,1,0,1,0,10,0,32,0,15,0,94,0,21,0,48,25,3,128,0,0,0,7,2,0,0,119,1,0,0,0,0,292,0,0,39,30,67,36,20,0,0,0,0,0,44,15,0,0,0,0,53,29,16,0,0,0,40,6,35,0,0,0,14,0,0,22,47,32,240,1,0,0,1,0,23,16,18,0,0,0,151,15,0,67,37,0,75,30,0,53,5,0,0,1,35,0,68,37,5,73,0,337,7,0,0,0,2,0,29,60,38,38,41,30,161,52,83,42,0,26,0,0,0,0,1,12,31,0,73,0,88,9,61,0,0,94,0,0,0,12,0,146,8,0,12,28,12,12,0,0,10,0,0,0,0,47,0,0,1,0,0,0,0,0,2,0,0,285,53,0,0,3,0,0,0,0,2,0,77,0,9,0,21,17,0,0,19,0,0,0,0,9,0,0,7,0,0,13,0,29,37,14,37,75,46,0,0,0,0,0,15,67,0,0,0,0,0,18,0,0,11,0,0,0,2,0,87,0,25,0,2,41,0,26,131,0,0,0,0,0,0,0,0,0,0,0,0,0,28,12,0,1,0,0,0,0,0,0,0,78,0,0,0,1,14,0,0,0,0,4,171,0,6,22,0,5,59,48,37,0,0,0,13,10,0,0,3,6,0,0,0,14,0,0,28,58,54,0,0,3,0,28,5,16,0,41,29,0,0,0,3,1,0,0,18,0,0,0,0,0,0,0,32,32,0,0,6,3,8,0,0,23,0,23,0,207,0,1,57,36,0,0,0,23,0,57,10,30,1,0,251,17,3,9,12,0,0,105,18,6,0,0,0,5,1,0,0,26,18,0,115,0,3,0,17,159,1,65,5,5,1,0,0,0,0,8,8,8,2,0,0,1,0,11,0,15,30,0,0,0,0,0,0,0,0,0,0,26,0,19,0,0,16,0,0
0,83,86,148,0,0,0,0,1,80,26,1,128,56,242,0,0,27,0,0,97,0,0,197,40,0,12,51,0,0,0,24,0,0,0,3,17,21,9,0,920,4,0,0,26,0,2,0,0,0,0,0,12,37,13,7,10,0,36,0,0,0,25,0,0,46,0,88,28,93,28,0,0,0,0,417,68,3365,3,64,0,1,0,79,1,159,44,0,0,0,0,33,0,5,0,5,0,64,1,0,0,13,0,99,244,158,419,105,1,52,0,1,0,115,0,0,0,0,0,0,27,165,40,1,24,0,0,2,0,10,0,0,0,449,109,239,40,20,156,16,5,0,0,256,9,44,0,0,4,0,1,0,0,0,53,18,198,26,5,0,39,0,0,64,0,0,0,117,0,0,0,70,26,1,0,0,0,598,0,0,19,98,94,28,0,9,0,12,5,0,46,0,16,0,10,0,15,56,8,0,35,0,17,0,16,0,24,9,0,0,55,14,28,36,131,56,3,0,11,0,0,25,0,8,251,0,124,0,0,51,32,32,34,37,0,33,16,0,0,10,13,0,135,26,0,50,0,183,5,0,60,0,54,31,97,0,0,1,0,14,0,0,122,53,0,6,0,47,58,0,0,4,0,0,0,0,0,0,53,0,12,8,13,0,74,0,50,153,40,0,13,0,0,0,22,7,0,0,82,0,0,3,0,16,16,0,21,0,0,12,0,179,0,188,0,0,22,0,43,60,30,0,127,21,74,24,11,12,0,30,50,0,28,0,0,0,5,16,0,0,5,34,1,33,0,29,82,0,0,0,0,0,0,18,0,0,3,0,9,4,39,7,2,0,0,13,0,36,72,0,0,3,89,1,35,0,0,0,0,0,108,0,5,0,0,30,27,0,19,0,14,0,0,33,94,0,0,6,0,0,0,29,0,26,0,0,0,1,0,21,1,0,0,13,21,25,211,6,48,0,46,2,0,210,0,0,1,15,8,0,0,0,0,0,0,19,25,6,0,5,0,0,0,0,77,0,0,0,0,0,0,10,37,0,0,0,0,0,6,0,6,12,0,73,0,12,15,14,0,103,0,0,0,23,4,0,0,79,20,0,0,130,0,8,0,0,0,278,0,47,0,0,9,52,0,1,0,22,9,0,33,2,4,3,0,14,105,12,0,1,0,33,0,4,11,0,77,3,0,0,0,84,0,0,12,0,0,0,0,1,0,1,0,0,10,0,20,16,0,62,0,0,6,0,0,0,0,0,0,0,16,0,0,0,0,0,3,4,0,0,0
0,44,0,93,0,5,0,14,1,46,42,50,136,0,529,0,0,0,0,21,47,0,0,0,44,0,14,188,0,0,5,0,0,5,2,0,38,0,28,0,1017,0,0,0,0,107,0,0,18,0,0,0,0,55,5,2,1,7,43,0,0,0,32,0,0,0,0,20,15,219,102,0,0,0,0,0,83,0,0,67,14,0,5,70,0,210,23,12,0,0,0,0,25,0,32,14,32,106,0,0,7,1,213,116,0,380,0,0,8,3,0,27,0,0,4,0,0,0,22,0,55,185,49,3,0,0,0,0,0,0,0,0,0,604,0,168,0,25,0,21,0,0,0,166,0,68,0,6,4,0,6,0,0,0,0,0,85,0,0,0,61,9,4,4,0,0,0,0,31,0,0,0,0,31,116,25,0,647,0,0,39,58,67,18,16,7,0,7,35,2,47,43,0,0,0,0,34,116,23,0,2,0,45,7,0,29,0,0,33,38,143,13,10,1,128,0,0,0,0,18,0,0,6,0,0,0,146,20,0,66,17,74,33,23,0,48,0,1,12,0,0,0,57,4,0,0,0,0,0,0,8,0,0,49,0,33,0,0,0,0,0,0,84,25,0,0,0,0,27,0,0,29,0,0,38,73,0,31,0,0,36,34,1,0,56,0,15,0,0,0,1,21,0,60,54,0,0,23,96,0,0,4,0,0,0,0,0,9,1,0,1,0,29,295,40,31,0,0,28,0,0,0,53,34,54,13,9,30,22,22,57,3,0,0,0,0,36,1,0,0,16,22,8,8,0,0,15,44,0,21,80,0,39,0,1,0,6,68,16,1,149,0,19,17,0,0,34,0,0,0,29,8,58,53,39,0,18,0,0,0,79,6,0,0,0,6,86,0,53,18,0,0,0,0,0,0,0,0,0,0,0,0,14,0,0,0,0,0,40,18,0,0,0,35,0,0,204,0,0,0,10,19,62,117,0,26,0,36,0,0,0,0,5,0,0,0,73,50,0,0,34,0,0,27,0,2,0,13,0,33,11,0,0,0,0,0,0,0,0,0,18,17,0,84,0,0,5,11,7,83,0,0,32,47,0,0,0,88,1,0,0,68,0,0,76,0,0,155,0,3,0,60,0,49,0,18,0,58,1,1,0,0,17,0,0,0,92,0,0,0,0,0,0,22,58,57,48,0,0,0,0,116,17,0,28,0,0,0,0,0,0,0,1,31,10,0,3,1,6,0,0,0,34,0,0,0,19,0,32,0,2,0,0,0,0,30,0,9,0,0,0
0,8,117,162,0,5,0,7,2,26,0,25,244,121,292,0,0,21,0,0,122,34,0,141,0,0,42,57,0,5,15,0,28,0,10,0,39,0,0,46,1336,0,0,0,0,0,6,1,0,0,0,10,0,37,0,0,0,4,48,11,0,0,18,15,0,21,130,0,24,0,0,26,2,0,0,116,33,3597,0,61,0,0,0,0,21,416,0,44,30,0,0,83,33,0,27,0,18,46,0,0,0,0,74,0,0,0,0,124,5,12,0,30,0,161,0,0,176,0,0,0,44,146,35,64,59,0,0,0,0,16,0,0,0,341,96,140,81,28,13,0,30,0,0,191,0,1,1,0,10,0,4,0,0,39,68,110,24,41,0,0,0,35,0,51,0,2,0,0,15,24,0,132,7,0,55,0,0,751,0,0,19,25,34,21,0,0,0,0,30,18,105,0,13,0,0,4,44,0,9,0,0,0,26,27,44,21,0,22,0,0,0,0,0,1,175,0,0,0,0,0,74,19,0,16,201,0,99,64,0,0,42,61,21,8,0,0,0,0,48,0,47,1,0,41,1,0,0,43,4,0,35,0,105,0,0,0,0,0,10,18,0,72,0,24,0,0,0,98,26,0,0,0,0,0,78,72,66,0,75,0,14,1,0,0,34,0,74,90,100,0,0,0,11,0,32,0,22,0,8,0,56,0,0,11,0,0,0,0,0,0,40,0,20,257,0,5,0,0,0,0,39,0,5,0,0,0,4,42,0,0,0,0,38,2,0,82,7,0,0,0,8,3,0,0,0,47,2,43,0,0,0,2,35,21,0,0,8,0,32,0,135,0,15,41,0,0,25,34,51,0,0,117,77,18,0,45,35,47,0,0,0,7,0,0,0,13,0,0,0,0,10,0,0,0,31,50,0,1,0,0,0,0,0,26,0,147,0,2,1,123,0,1,0,52,38,0,0,0,22,36,0,49,19,163,2,0,0,0,45,0,0,0,0,0,0,0,35,7,0,18,0,80,0,0,86,0,0,39,0,27,0,3,44,0,0,0,0,0,0,0,0,12,20,96,0,12,16,0,28,65,0,0,28,4,7,15,0,136,15,19,0,188,14,0,61,0,0,0,0,0,0,63,31,2,15,0,78,0,0,0,0,28,0,64,0,15,25,0,10,3,0,9,0,0,1,0,52,0,25,42,70,47,2,0,0,0,0,0,0,0,0,0,0,1,0,0,0,1,1,80,0,0,0,0,0,2,0,0,0,0,2,0,4,3,0,0,0,0,0,0,0
0,0,239,174,3,2,27,5,3,49,98,0,301,22,534,28,22,0,26,0,131,21,13,390,3,10,174,0,0,0,23,24,1,2,0,62,30,0,75,0,909,0,0,0,0,0,0,0,0,0,0,0,65,40,0,0,0,34,4,16,0,0,0,15,0,21,132,34,0,0,37,0,0,0,0,343,155,3733,0,0,58,0,18,68,0,101,74,0,13,7,0,0,41,25,46,0,12,98,0,0,0,0,78,132,0,79,108,172,1,25,0,0,44,42,0,0,162,0,0,0,8,77,49,100,0,0,2,9,10,92,0,0,0,0,0,177,48,41,0,12,2,94,0,254,0,34,14,0,2,0,49,0,0,0,17,0,82,129,0,0,0,0,0,29,0,1,0,0,4,0,0,0,17,0,30,71,0,686,0,0,13,139,89,0,85,0,0,0,0,31,20,0,0,13,0,0,108,110,3,0,0,0,121,0,18,0,37,2,20,0,124,12,0,60,79,31,0,0,0,0,53,15,0,2,262,0,126,0,10,1,35,175,168,43,0,0,0,0,39,0,62,2,152,0,1,0,0,515,0,0,13,0,24,0,0,14,85,1,26,2,28,0,19,58,0,0,0,192,35,1,0,51,0,0,18,205,110,0,71,0,0,0,5,0,93,0,64,54,99,0,0,0,0,0,0,46,13,2,0,0,65,10,0,0,24,0,89,55,0,0,3,0,30,0,89,24,0,0,45,20,80,0,4,0,0,28,6,13,0,22,0,0,0,59,0,124,11,0,0,20,10,0,0,0,0,1,32,0,0,45,156,0,0,3,0,0,13,81,30,0,120,0,0,0,0,74,8,0,60,0,0,158,151,7,37,0,74,3,34,14,0,0,0,0,0,24,39,0,8,0,0,1,0,188,0,0,0,0,0,0,0,45,0,77,1,0,0,3,0,1,0,21,0,49,19,35,0,0,7,0,0,10,16,58,0,0,0,10,30,0,0,0,0,12,0,12,38,0,0,0,0,0,254,64,134,53,0,60,16,14,0,42,29,0,0,0,17,0,1,0,0,6,1,77,0,20,21,0,53,61,0,0,8,0,17,65,0,0,16,0,0,163,0,0,0,32,0,185,77,0,0,69,23,106,0,22,149,0,28,0,0,0,0,125,0,22,7,0,0,29,0,0,0,0,0,19,0,0,33,0,31,0,0,0,0,0,0,0,0,0,0,8,0,0,0,0,0,0,0,62,51,0,15,7,0,0,0,0,0,0,0,0,0,0,0,0,0,0,0,0,0
0,10,108,154,16,2,14,17,0,27,51,32,0,45,0,0,12,0,0,83,7,1,0,158,0,30,0,0,0,0,19,0,6,0,0,14,12,0,0,18,1535,28,0,0,5,0,3,0,0,0,0,0,32,0,0,0,0,0,55,0,0,0,23,15,0,4,24,0,5,38,15,0,0,0,0,0,0,4424,0,153,15,0,33,0,0,429,41,0,8,0,0,0,11,0,45,0,2,110,0,0,5,0,0,174,45,92,113,144,56,0,0,0,0,32,0,0,133,0,0,0,0,87,29,0,43,0,0,0,0,0,0,0,0,0,0,195,0,20,30,0,0,123,0,265,0,12,0,0,0,0,9,1,0,0,21,0,0,18,0,0,0,0,1,83,0,5,0,0,0,0,0,0,8,35,2,4,0,294,0,0,0,0,63,0,0,7,0,8,27,71,0,16,0,5,25,0,12,0,0,0,34,0,79,0,0,34,0,8,0,0,0,5,0,0,77,0,0,0,0,0,0,0,5,18,324,0,198,0,0,39,0,21,22,27,0,5,28,2,21,0,0,0,44,0,16,0,0,491,0,0,0,0,98,72,0,42,14,0,7,57,67,0,67,0,0,0,0,0,0,49,0,3,0,0,38,122,39,0,96,0,0,44,0,0,0,8,0,0,0,0,7,68,40,0,0,0,0,0,15,9,57,10,0,1,15,0,0,22,0,17,0,34,14,0,14,0,0,0,1,0,48,18,86,13,60,0,0,19,42,37,11,0,0,15,0,35,0,0,0,16,10,16,0,10,0,83,19,0,0,34,46,0,0,14,4,0,0,79,0,0,88,0,6,164,0,101,0,39,59,1,0,13,0,37,0,0,39,0,28,0,110,0,0,0,0,0,141,0,10,31,1,0,0,281,0,0,0,0,0,0,0,0,0,10,13,0,0,0,0,4,0,0,0,0,11,16,352,2,1,0,1,27,0,182,0,0,0,0,8,1,0,0,25,0,0,6,191,0,0,0,19,99,27,0,119,0,1,0,0,21,0,53,0,0,0,0,10,3,0,0,0,0,4,63,0,3,7,0,24,0,0,0,0,7,3,0,64,25,23,4,0,126,0,0,13,0,0,100,0,0,0,79,2,61,65,0,154,0,0,0,16,26,0,24,0,0,33,10,0,2,0,27,0,0,21,0,51,11,0,0,7,147,22,12,0,0,0,0,0,6,0,0,8,1,0,0,4,0,9,100,79,0,11,0,0,0,0,5,0,0,50,0,0,0,0,56,2,0,0,0,0
0,0,51,166,0,5,38,2,0,3,27,19,80,120,0,18,0,7,0,10,0,8,0,189,72,0,0,0,38,38,0,1,19,0,0,0,19,65,36,60,0,0,0,0,12,0,16,23,0,0,0,0,1,50,0,16,32,18,68,0,0,0,1,0,4,43,48,89,0,127,95,0,0,0,0,95,0,4600,0,0,0,0,0,124,0,69,75,0,0,0,0,20,0,0,0,0,1,165,1,0,0,0,140,0,40,0,362,154,2,0,0,0,70,117,0,0,0,0,0,64,66,93,77,81,53,0,0,0,0,0,0,0,0,534,19,188,16,3,15,0,12,99,0,276,55,50,0,0,5,0,0,8,0,0,0,0,4,0,14,0,0,21,0,5,0,3,0,0,0,0,18,330,55,0,20,14,0,0,0,0,19,43,47,11,0,7,0,39,29,0,47,0,0,0,0,0,37,71,10,0,0,0,16,0,140,0,0,0,24,0,108,34,0,0,0,0,0,0,0,0,12,9,2,5,243,0,169,14,0,0,37,52,0,10,0,39,0,0,2,0,1,0,1,0,0,0,0,92,0,0,24,0,124,0,0,0,0,56,52,0,31,0,6,65,0,0,24,0,69,0,0,0,0,0,10,86,86,1,0,0,0,0,0,0,0,0,25,0,12,0,23,0,3,0,21,0,0,0,25,65,75,0,0,0,1,0,85,0,0,0,0,35,1,0,23,3,0,0,27,67,0,0,70,50,0,0,0,0,57,13,0,0,22,14,0,0,0,0,0,0,14,0,0,24,0,0,0,82,0,0,122,0,0,0,0,0,0,136,11,0,0,1,34,80,0,51,15,0,0,0,0,8,47,72,1,0,0,72,0,0,108,0,23,0,0,0,0,0,0,23,0,0,0,7,0,8,0,0,32,0,0,0,0,14,15,3,0,0,0,0,0,20,7,0,0,0,190,5,41,34,0,29,0,342,49,0,0,7,7,0,0,0,0,0,3,11,101,0,0,0,7,0,65,0,107,0,0,137,0,33,0,0,0,0,0,0,3,1,3,0,0,0,0,70,0,27,5,0,0,0,0,0,0,30,0,0,41,5,70,0,0,140,47,0,0,0,0,0,0,20,0,0,0,0,40,2,108,50,0,0,40,0,8,0,0,3,34,36,0,10,0,20,0,28,0,0,1,0,0,0,3,13,1,9,0,0,0,0,0,0,60,0,6,33,0,0,0,30,0,81,7,0,35,47,0,0,0,27,42,0,30,0,0,31,0,69,0,0,0,0,0
0,0,65,52,0,0,0,0,0,38,0,59,255,69,0,0,16,0,0,0,126,0,8,257,0,9,40,0,0,0,21,4,0,0,19,0,12,14,0,0,0,3,0,0,0,0,0,0,0,0,0,0,49,0,0,0,19,0,52,0,0,0,0,0,17,0,26,89,0,116,73,10,0,0,0,0,103,3984,3,108,0,0,4,81,0,0,0,0,2,0,0,38,7,0,37,0,0,0,22,0,0,12,52,49,0,0,205,0,0,0,0,0,12,78,0,0,97,0,0,0,0,172,26,22,26,0,0,0,0,13,0,0,0,346,0,0,0,12,0,12,0,79,0,331,30,8,10,0,4,0,7,0,54,0,17,32,160,13,3,0,6,0,5,57,0,42,0,57,5,0,27,0,1,0,21,25,0,385,0,0,31,74,81,13,12,6,9,0,45,16,0,7,0,28,21,0,39,43,38,0,52,0,33,0,66,22,25,0,1,100,20,0,1,29,0,16,0,0,0,4,58,8,0,4,241,0,71,43,22,127,8,46,115,7,0,6,0,0,0,0,59,49,49,16,0,87,0,270,1,7,8,0,0,0,0,0,0,14,6,0,36,13,2,57,0,7,0,76,0,22,0,0,0,0,24,0,0,16,25,0,1,42,0,2,276,7,0,268,34,0,0,0,0,0,47,28,6,0,31,5,0,22,9,12,0,0,121,0,0,3,3,0,5,135,1,0,0,0,0,67,0,0,40,32,0,0,0,0,0,0,18,0,20,0,0,0,0,29,0,8,0,7,0,66,0,43,36,76,0,178,42,0,4,0,26,0,2,150,36,3,23,0,0,83,0,89,4,5,0,0,14,2,51,0,0,0,0,142,0,0,0,0,1,0,0,4,13,0,17,19,0,0,0,0,0,0,0,4,0,0,0,0,0,0,8,36,0,0,61,14,2,13,0,0,1,0,329,0,5,19,0,9,0,0,18,0,6,31,24,14,0,0,16,0,0,0,0,0,0,0,51,19,237,0,29,6,32,2,25,16,0,0,0,0,0,0,0,0,0,0,4,2,0,44,0,8,0,0,23,0,0,0,0,19,0,12,75,0,36,0,0,163,0,0,32,2,0,373,0,0,0,97,5,0,2,0,0,8,20,4,0,6,2,0,0,10,0,0,0,5,0,0,50,0,0,21,8,0,104,0,39,110,6,27,31,4,0,0,0,0,0,24,0,13,0,0,19,0,0,0,0,0,38,0,0,0,9,10,3,0,0,0,0,0,0,1,0,0,0,0,0
0,0,93,62,0,0,11,5,0,0,2,35,224,0,214,0,4,29,0,155,114,0,0,139,69,0,0,0,0,0,0,26,2,1,0,5,84,33,1,0,0,11,0,0,17,0,0,5,0,0,0,0,64,89,0,0,23,1,53,11,48,0,24,0,0,58,0,78,18,0,47,0,0,0,0,83,89,5206,0,72,0,0,0,29,0,0,27,5,0,0,0,0,0,0,0,3,9,49,10,0,0,0,86,55,0,150,0,162,3,0,0,2,0,0,0,0,0,0,28,19,19,182,13,49,0,0,20,0,0,0,0,0,0,334,0,0,78,0,0,1,8,11,0,0,0,0,0,0,0,0,0,0,35,0,33,33,68,30,0,0,0,0,0,0,0,0,0,54,0,0,33,239,37,45,194,12,0,665,0,0,0,99,42,0,0,6,0,19,0,0,0,0,0,0,9,0,113,45,1,0,0,0,53,0,175,40,0,18,0,5,56,21,0,0,80,0,0,0,0,5,1,30,0,0,435,0,50,0,0,188,51,0,148,55,0,17,0,3,0,0,35,1,21,87,52,129,0,328,5,0,0,0,0,26,0,32,75,0,0,0,1,0,0,41,0,0,0,97,0,0,0,0,0,0,140,0,83,0,53,0,2,36,6,0,116,0,92,242,0,0,0,0,0,50,39,40,12,144,1,3,39,14,0,30,0,0,92,7,0,0,0,304,14,154,4,0,0,0,2,53,28,16,49,43,0,55,0,50,68,0,0,0,6,19,0,0,4,0,0,0,3,0,0,29,0,117,124,1,42,1,28,14,0,23,36,0,2,97,0,0,91,14,0,0,0,0,0,14,43,0,12,0,106,0,54,0,4,1,2,19,112,0,0,0,0,0,13,0,62,0,0,0,0,0,0,1,0,0,0,0,0,44,0,0,0,86,0,0,0,0,3,1,0,2,0,0,204,0,12,0,0,0,54,0,0,0,0,0,39,1,0,0,4,0,0,31,115,0,0,1,2,22,0,0,34,0,21,66,0,33,53,17,21,0,0,0,6,0,0,0,0,3,0,0,0,0,0,0,35,0,0,0,0,3,0,5,0,4,1,0,0,197,0,0,32,0,0,375,0,0,0,51,0,16,12,13,124,0,4,4,0,0,0,16,0,0,0,12,0,2,0,11,17,1,0,12,57,0,32,0,2,97,0,0,0,0,0,0,0,1,0,6,0,21,0,0,14,0,0,92,2,0,5,32,0,0,32,0,0,0,8,0,0,0,0,0,8,0,0,0,0
0,42,0,30,0,8,0,0,0,65,0,27,0,97,113,0,0,33,0,2,184,0,0,0,122,1,0,0,0,0,5,36,0,0,0,0,0,0,0,40,1141,61,0,0,20,0,2,20,0,0,0,0,18,91,4,0,12,27,19,0,26,0,0,0,0,0,20,118,0,23,62,0,0,0,0,151,17,0,0,56,0,0,0,87,0,75,45,33,0,0,0,58,0,1,10,0,7,61,0,0,0,1,198,67,178,189,132,242,72,10,0,0,1,94,0,0,213,0,0,22,0,0,47,0,36,0,0,0,0,37,0,0,0,520,51,272,0,24,0,18,0,112,0,277,0,8,0,0,5,0,2,0,0,0,60,0,150,1,0,0,0,0,0,19,0,0,0,0,0,0,0,178,10,0,89,31,0,426,0,0,0,95,19,0,4,0,0,2,115,21,15,11,0,0,0,0,0,27,1,0,65,0,30,0,53,18,0,0,1,0,0,40,0,0,88,0,0,0,0,0,0,20,0,5,556,0,108,0,0,0,69,75,49,69,0,0,0,0,0,0,16,0,0,0,38,0,1,0,0,0,2,0,232,62,0,0,49,1,18,47,211,0,2,0,0,7,0,124,152,0,20,42,14,0,78,68,2,0,72,0,0,0,0,0,0,16,28,217,0,0,14,0,0,43,0,76,0,0,93,0,42,28,0,0,0,0,135,0,0,0,0,29,86,251,43,0,0,0,0,28,59,0,0,0,74,5,14,0,192,5,10,21,171,3,0,0,124,20,0,13,0,26,0,84,59,13,29,158,0,55,64,0,4,2,87,0,0,26,21,0,92,8,0,0,0,0,78,86,35,0,6,84,0,0,0,0,9,0,73,0,46,0,0,0,0,0,124,0,0,4,0,0,0,6,33,0,0,0,0,0,0,0,8,8,0,0,31,0,0,0,0,13,0,0,0,0,537,20,0,0,51,0,33,91,0,11,0,15,18,0,0,0,9,0,0,31,94,0,0,0,0,0,258,0,0,0,0,0,0,57,0,67,2,0,0,0,0,0,0,0,0,0,0,28,0,0,0,11,43,0,0,0,5,12,0,0,95,32,0,0,0,0,0,6,29,67,0,0,4,24,0,24,36,0,0,0,132,36,23,0,0,0,0,36,0,9,54,21,0,12,0,0,0,13,0,0,30,0,33,0,8,118,0,9,0,0,18,0,0,0,0,6,7,20,2,0,4,6,0,0,0,0,0,0,0,0,3,0,0,0,85,0,0,3,0,0,15,0,0,0,0
0,84,0,74,0,0,0,8,0,66,1,64,291,88,0,4,0,0,0,109,0,0,0,142,40,1,0,36,1,0,8,0,0,0,1,0,70,22,14,47,1227,7,0,0,2,0,11,0,0,0,0,12,0,17,0,0,45,75,62,43,0,0,27,8,0,1,0,109,2,115,52,0,0,0,0,0,19,4300,0,1,10,0,18,51,0,327,1,81,0,0,0,0,0,1,16,0,1,69,0,1,0,15,245,100,86,0,239,140,26,21,0,0,5,179,7,4,179,0,0,21,0,189,48,4,8,0,0,0,0,14,0,0,0,374,93,184,91,20,28,17,0,0,0,382,0,9,0,0,0,0,6,0,1,0,46,23,0,32,0,0,29,0,0,0,1,43,31,0,0,0,0,0,6,0,14,11,0,0,0,0,19,132,100,0,0,10,0,16,1,32,60,0,13,5,46,0,17,28,0,0,0,0,24,22,6,25,0,16,0,64,90,19,0,41,73,11,0,0,0,0,20,0,96,18,0,0,0,0,0,36,34,0,123,30,0,102,1,9,20,0,85,0,35,52,26,165,5,405,6,0,0,0,40,33,5,26,7,0,16,0,60,1,0,0,0,3,0,0,0,11,0,0,0,0,30,86,20,0,35,0,0,1,0,0,154,1,0,270,9,0,3,0,26,0,1,0,4,0,1,1,0,0,17,3,0,0,96,19,0,27,0,109,0,206,15,18,0,6,68,29,22,6,74,14,19,0,20,31,0,0,37,0,73,2,25,42,0,21,0,0,0,22,0,0,0,147,15,111,18,1,58,0,6,14,56,0,2,55,2,0,45,28,4,0,0,75,0,0,18,0,19,8,0,0,29,0,27,97,12,0,29,0,21,0,0,0,105,0,12,0,0,16,28,31,66,0,0,8,0,0,0,92,0,13,14,53,0,0,0,0,0,0,0,0,0,1,266,0,9,15,0,20,22,146,0,20,59,0,10,26,0,0,5,0,12,2,118,0,0,0,36,37,97,0,44,24,24,0,0,47,0,69,0,0,0,0,5,0,0,0,0,64,15,82,0,13,0,6,0,29,0,0,4,77,0,19,190,15,8,0,0,191,0,0,11,0,0,0,0,11,0,33,0,0,0,0,87,0,25,4,24,15,6,23,2,21,25,1,10,0,0,0,0,0,22,0,53,0,12,0,0,118,0,8,0,0,0,0,22,0,8,0,0,8,0,0,1,0,4,159,11,0,2,0,0,0,4,2,0,0,76,26,0,9,0,41,1,0,0,0,0
0,47,93,56,0,0,9,9,1,0,196,0,0,59,681,9,0,0,0,185,160,4,0,0,145,0,56,0,2,8,0,15,0,0,27,0,27,0,29,30,963,26,0,0,31,0,1,0,0,0,0,5,1,27,2,10,7,0,8,1,0,0,7,0,0,67,48,89,0,0,50,4,0,0,9,241,2,3861,0,0,0,0,38,49,26,0,86,0,0,0,0,58,1,0,34,2,12,0,0,0,0,0,131,125,0,154,114,143,0,15,0,0,14,135,0,0,121,0,0,8,21,0,60,0,38,0,1,0,0,41,0,0,0,396,140,193,21,0,0,10,0,173,0,297,7,21,29,0,6,0,4,0,0,17,15,27,177,42,10,0,4,0,6,0,0,0,61,43,8,0,21,0,17,45,0,3,0,0,0,0,0,139,45,0,11,0,0,0,73,0,0,36,0,0,36,0,45,48,45,0,58,0,0,0,17,31,0,23,12,24,42,7,16,0,96,25,0,0,0,0,25,3,0,9,540,0,0,30,0,61,42,51,72,0,0,45,0,0,4,0,0,48,59,0,34,63,1,362,0,5,3,0,18,31,0,34,0,1,0,12,0,0,0,14,0,0,0,89,0,0,8,0,40,0,0,0,0,0,51,0,0,23,0,0,209,25,56,0,138,0,0,7,25,6,11,51,0,60,10,0,0,22,0,8,2,0,104,22,0,0,1,0,118,205,19,57,0,0,0,65,0,0,1,50,72,0,11,0,47,35,0,0,168,22,0,53,0,51,0,0,0,0,0,0,0,226,77,37,0,0,89,0,0,27,1,0,1,4,28,0,100,8,0,0,20,0,0,0,29,0,0,46,87,2,21,0,0,0,0,37,65,0,0,0,0,1,0,0,0,0,3,0,42,0,0,0,0,0,0,0,0,0,0,0,0,129,0,0,0,12,2,14,0,0,19,38,377,8,14,14,0,0,13,159,0,0,16,39,35,31,0,0,38,0,17,21,105,0,0,0,39,0,0,16,0,0,0,0,0,0,3,31,0,0,0,0,11,0,0,0,0,0,0,0,0,0,0,0,1,0,0,0,9,21,0,0,78,0,53,0,0,350,0,10,21,0,0,221,61,0,0,66,47,0,25,0,24,0,0,2,1,10,0,111,0,0,0,0,0,0,18,2,0,54,0,0,0,0,0,0,0,0,0,0,0,0,0,0,0,0,0,35,13,32,2,0,6,25,0,0,20,23,2,0,0,0,17,0,1,0,32,0,0,13,0,7,0,0,0,0,0
14,83,87,50,0,0,13,17,5,89,145,48,0,0,328,0,0,0,0,259,295,4,0,217,110,0,39,33,0,0,10,10,12,0,0,7,0,14,0,30,1233,47,0,8,21,0,3,0,0,0,0,11,0,53,7,0,0,27,28,75,0,0,18,0,3,40,28,78,8,98,109,0,0,25,38,116,0,0,14,0,0,0,44,112,0,0,75,16,0,0,0,85,0,0,13,0,14,160,42,0,0,84,189,59,0,0,0,143,52,21,0,15,28,96,0,0,78,0,0,19,26,276,6,36,0,0,0,5,0,91,0,0,0,587,120,145,0,0,151,13,5,0,0,323,0,14,0,0,3,0,5,8,0,0,7,69,49,8,0,0,0,16,0,16,0,4,39,0,0,0,20,200,0,57,80,21,0,313,0,0,39,124,41,12,30,3,0,0,43,0,110,0,0,0,18,0,29,0,0,0,0,0,47,21,36,18,0,38,8,1,98,0,0,36,108,5,0,0,0,0,48,18,0,12,532,0,153,36,0,71,0,48,94,39,0,0,0,1,0,0,14,25,67,63,0,83,11,276,2,0,3,0,157,0,32,32,12,0,14,21,62,0,0,41,8,0,0,0,117,0,10,0,0,0,58,0,0,0,0,0,0,61,0,0,193,1,0,0,97,0,0,0,1,4,0,1,0,53,0,0,0,31,0,0,2,0,47,26,0,0,26,20,49,0,34,23,0,11,50,70,0,0,118,24,17,0,0,54,51,9,26,0,0,0,0,0,26,0,0,0,10,17,0,54,0,0,38,26,0,25,143,0,48,0,50,0,0,126,0,0,59,0,0,0,30,45,7,92,39,0,0,63,27,13,0,0,49,25,24,0,106,0,0,0,0,0,0,0,30,18,80,0,0,0,23,20,0,0,0,0,0,17,0,15,12,46,0,1,30,1,13,6,0,0,0,42,304,7,0,15,0,48,6,123,0,2,81,38,0,0,0,0,25,0,0,15,86,0,0,0,0,0,0,60,27,40,1,15,0,25,0,0,31,0,0,0,5,0,15,0,0,0,24,96,0,0,0,0,0,43,0,0,14,0,0,0,187,27,18,1,0,0,0,16,0,1,0,282,19,4,0,0,10,20,49,0,168,0,19,8,10,2,4,137,0,6,39,0,0,1,0,0,74,26,9,18,45,0,41,1,44,86,0,7,2,0,0,0,1,1,0,13,0,0,0,0,0,0,0,32,25,0,0,7,0,0,0,4,13,0,46,0,0,8,0,2,8,0,0,0,0
0,97,0,88,0,4,0,0,0,30,0,56,0,26,720,0,0,0,0,0,76,0,0,0,0,0,0,0,0,0,0,4,0,0,0,0,42,19,0,181,917,0,0,0,0,0,0,0,0,0,0,1,20,29,0,0,21,0,9,276,0,16,18,3,0,61,0,172,0,123,0,0,0,0,0,261,0,3891,0,4,0,0,35,59,40,0,116,0,0,0,0,38,16,1,0,0,34,0,0,0,2,19,179,119,437,278,174,158,0,0,0,14,22,0,1,0,155,0,0,0,26,105,0,37,0,0,0,0,0,0,0,0,0,382,86,202,91,0,41,0,0,150,4,0,0,0,0,0,2,0,11,5,0,0,25,12,67,54,6,0,48,19,0,3,0,68,0,0,0,0,0,0,0,0,96,63,0,0,0,0,0,0,36,0,19,0,0,6,34,0,36,0,0,0,24,0,1,0,12,0,11,0,21,10,225,0,0,0,0,41,111,42,4,0,0,0,0,0,8,0,31,11,0,0,259,0,129,0,0,63,0,83,59,94,0,75,0,0,41,0,126,0,0,68,26,0,3,430,0,4,2,0,90,37,75,0,9,0,0,0,176,40,13,65,0,0,0,0,174,34,0,14,1,0,0,39,21,0,31,0,0,0,44,0,207,0,37,0,24,0,0,0,0,59,2,1,0,0,59,17,40,31,0,0,35,0,99,30,0,0,0,0,0,222,0,1,0,15,57,0,54,0,152,63,1,1,5,3,97,8,16,0,5,48,0,0,5,10,0,0,0,0,0,0,0,0,8,0,0,123,77,0,0,6,6,0,0,22,75,0,0,0,0,44,0,25,17,0,50,0,0,37,86,0,0,0,0,0,42,0,108,0,0,0,0,0,0,0,0,0,1,50,0,107,17,12,0,0,2,0,0,34,0,6,10,0,0,0,0,17,0,0,0,0,0,103,192,0,19,0,0,0,15,116,30,0,0,14,17,48,0,0,6,10,0,2,11,6,0,27,0,0,0,0,0,0,18,64,0,0,0,64,2,0,0,0,0,0,0,0,11,0,10,80,0,9,0,4,60,72,0,0,4,4,6,4,7,57,39,0,0,0,36,2,16,0,0,170,0,26,0,41,0,11,0,0,12,8,7,0,67,0,0,112,0,7,0,12,0,10,12,0,30,0,0,8,45,0,93,0,57,0,0,12,4,32,0,0,2,0,5,0,8,1,11,0,24,6,5,33,2,0,0,0,0,0,6,6,9,0,0,0,0,2,0,57,0,1,0,0,0
27,82,0,157,0,4,6,0,0,50,126,41,79,0,0,0,0,0,0,43,46,0,2,299,36,0,77,12,108,0,0,16,0,0,0,0,0,61,1,0,0,45,0,0,0,0,18,0,0,0,0,2,54,66,10,0,0,15,10,1,50,0,26,4,8,0,9,58,0,132,1,29,0,0,0,0,41,4659,0,0,0,4,43,0,0,130,0,0,0,23,0,53,0,0,20,7,1,48,2,0,0,45,213,76,112,0,217,153,5,41,0,0,9,111,2,0,72,0,0,9,21,0,36,89,68,0,0,59,0,0,0,0,0,195,0,173,59,21,105,1,16,3,15,0,0,37,0,0,2,0,0,0,0,0,35,0,14,21,0,0,28,0,0,5,0,0,0,77,0,0,45,0,0,15,15,0,0,568,0,0,0,94,55,33,5,0,0,0,37,0,0,0,0,0,16,0,44,3,6,0,24,0,31,0,138,0,0,2,70,21,41,0,15,27,0,0,68,0,0,0,1,0,0,0,0,0,235,0,0,0,57,0,0,0,0,39,0,4,7,0,16,22,14,0,0,88,0,175,1,0,52,0,13,32,12,0,0,37,0,0,25,0,16,55,0,0,0,75,20,0,5,0,0,0,0,48,7,0,14,0,1,51,0,0,125,0,72,118,21,0,0,117,11,0,0,0,0,0,31,0,76,26,0,3,42,6,0,0,0,16,0,196,31,0,0,13,0,0,16,28,0,0,18,13,28,58,0,0,0,0,46,0,53,4,0,0,1,0,0,0,0,28,0,3,0,0,12,94,9,123,0,0,15,0,1,0,0,4,42,0,94,0,60,64,0,0,0,45,0,0,0,1,0,0,0,0,1,63,0,1,128,0,0,0,0,0,193,0,53,0,0,57,1,37,2,33,0,11,0,0,0,30,0,0,14,172,8,1,0,2,7,6,0,0,11,1,279,9,2,0,0,9,0,221,0,0,0,7,16,57,0,0,1,9,0,35,44,34,0,0,2,34,67,0,149,0,26,0,15,31,0,31,0,0,0,0,0,0,14,0,0,0,0,118,0,0,0,0,0,42,0,0,0,29,0,0,45,0,9,0,0,114,0,15,25,0,0,279,0,5,0,103,1,0,2,0,17,0,0,0,0,7,0,105,6,28,34,0,0,0,0,0,0,0,0,29,1,0,5,0,59,0,0,6,0,24,0,0,0,0,0,3,0,0,0,0,2,0,0,0,0,0,28,0,0,0,0,0,0,0,0,0,1,8,0,0,0,0,0,0,0
0,37,56,157,1,2,19,11,1,62,0,78,128,109,0,8,0,0,0,128,55,0,0,0,77,5,22,4,0,0,0,3,4,0,0,16,27,0,0,0,916,0,0,0,11,21,32,32,0,0,0,0,13,65,0,12,44,1,0,92,0,0,75,0,0,0,0,0,0,62,0,3,0,0,0,121,44,3752,0,83,0,0,0,94,0,334,28,7,0,0,0,0,24,1,19,0,0,186,0,0,0,0,195,170,131,114,0,220,0,0,0,9,37,64,30,22,0,0,3,2,0,54,39,24,28,0,0,0,0,0,0,0,0,407,120,0,58,6,58,11,29,198,9,325,0,101,0,0,2,0,16,0,18,0,0,85,119,23,2,0,26,0,0,0,0,30,2,0,2,0,0,137,23,33,104,1,0,479,0,0,37,0,145,32,0,0,0,20,53,1,6,0,0,0,6,0,127,40,0,0,0,0,45,0,84,0,1,8,20,9,112,34,35,0,78,0,0,0,5,0,13,0,128,2,0,0,171,19,0,49,0,0,116,76,0,0,0,15,23,0,20,20,12,20,27,32,18,467,0,10,16,0,75,0,0,0,0,0,0,40,105,7,101,31,0,0,0,0,61,0,0,31,1,0,68,44,25,0,24,0,2,0,0,0,0,0,30,128,28,0,6,11,6,0,53,0,0,0,9,25,0,0,0,21,15,6,0,0,0,0,0,126,0,0,0,16,0,0,85,0,60,0,36,56,12,1,12,0,0,2,56,0,41,95,0,13,2,60,17,15,0,17,0,0,0,55,23,0,17,0,0,3,0,2,9,0,7,46,29,0,54,17,1,28,3,0,0,0,60,1,2,59,69,0,48,0,5,0,6,17,132,0,0,0,0,4,51,0,0,0,0,0,0,64,0,0,0,0,2,0,0,0,0,14,19,118,0,6,22,10,13,0,0,0,0,0,0,0,10,0,39,1,22,193,0,0,0,32,21,12,0,0,0,0,0,4,0,0,0,67,69,0,55,22,49,0,15,31,0,0,5,0,59,0,0,0,0,4,26,0,10,34,1,40,0,24,6,0,1,0,0,0,12,36,0,26,40,38,33,0,0,0,0,33,59,1,0,222,10,12,0,69,12,30,20,0,199,0,21,0,0,0,4,0,0,9,21,6,0,2,0,1,0,5,0,0,30,4,28,0,13,0,37,12,0,0,0,0,0,1,0,10,22,0,22,0,15,9,0,154,11,0,41,5,0,0,9,0,0,0,0,0,0,5,0,0,0,2,0,0,0
0,32,0,172,0,5,7,0,1,70,27,0,42,57,357,0,0,0,0,78,0,31,0,89,58,0,31,43,0,17,0,0,13,0,0,101,6,0,21,107,1000,26,0,0,0,23,1,0,0,0,0,11,0,46,0,0,0,19,0,0,0,0,0,5,0,33,40,95,0,79,46,0,0,0,0,61,60,4208,0,105,17,0,0,0,0,212,84,0,13,11,0,32,0,0,26,0,0,220,7,0,8,1,313,220,145,0,256,184,8,1,0,0,17,0,0,1,80,0,0,61,26,98,17,21,22,0,0,1,0,12,0,0,0,0,115,218,81,0,67,6,0,0,3,199,0,0,2,0,5,0,2,0,0,1,26,0,87,122,1,0,0,0,0,65,0,0,3,33,0,0,2,233,36,31,43,15,0,471,0,0,0,47,28,0,0,6,0,0,0,5,0,0,24,0,16,0,126,0,0,0,0,0,83,0,73,0,0,0,0,0,99,18,12,0,94,16,0,0,10,0,0,37,0,0,291,0,80,34,0,0,0,59,0,30,0,33,0,0,1,0,0,0,94,0,0,18,12,544,0,8,0,0,0,0,0,25,0,0,9,2,0,0,106,79,0,0,0,0,132,15,0,0,0,0,23,95,19,0,0,0,3,14,16,0,140,0,0,91,0,0,2,0,4,11,6,9,0,0,15,13,3,0,20,0,0,0,65,0,0,37,0,63,0,344,64,10,0,0,23,32,74,0,0,77,0,8,0,31,81,15,31,0,0,10,0,106,12,1,0,28,0,0,0,60,0,54,0,106,21,32,79,0,5,0,3,0,5,1,0,0,68,0,0,20,4,0,0,0,32,0,0,55,99,43,0,0,0,0,0,19,15,0,0,0,0,8,48,0,0,0,0,0,0,41,19,11,0,0,2,0,0,52,0,54,5,0,0,0,8,29,0,7,0,0,0,0,254,14,7,0,0,0,44,126,6,0,0,50,17,26,0,0,17,0,1,28,0,19,0,66,41,0,88,14,68,0,0,2,0,28,0,7,6,0,0,0,0,0,16,0,19,0,0,77,0,0,26,0,0,24,0,0,1,10,6,0,156,19,1,0,0,249,0,2,44,18,0,0,13,1,0,98,33,34,40,3,0,0,0,17,0,5,4,116,0,28,0,0,0,5,0,5,0,0,0,11,78,0,30,0,45,47,0,35,0,1,0,0,0,0,0,19,0,8,7,0,40,0,0,41,0,0,0,0,0,0,15,0,13,0,24,0,0,14,0,16,3,0,0,0,0
0,27,184,187,0,5,0,6,6,81,147,0,165,57,418,0,0,0,0,155,0,0,0,415,50,0,33,0,0,30,12,5,3,0,0,77,59,25,6,99,1531,0,0,0,0,0,3,0,0,0,0,0,0,0,5,0,48,78,13,18,0,0,0,22,22,18,6,0,12,124,32,0,0,0,0,129,8,3830,0,14,0,0,18,53,0,0,34,0,25,0,0,63,0,0,23,0,0,0,21,0,0,0,162,112,192,129,203,108,1,23,0,36,44,0,0,24,0,0,0,65,25,174,20,0,34,0,0,0,0,12,0,0,0,0,50,218,48,28,37,12,0,101,0,243,0,82,0,0,0,0,0,19,1,0,19,40,81,51,13,0,1,0,0,55,0,37,7,0,2,0,65,69,28,53,34,0,0,0,0,0,0,71,89,17,13,0,0,3,30,0,0,54,0,0,0,0,135,22,58,0,0,0,21,0,25,0,30,0,0,34,0,0,30,1,132,13,0,0,8,0,63,19,0,0,198,0,84,1,0,37,50,0,35,0,0,84,0,0,41,0,35,20,0,0,1,26,2,0,0,0,33,0,63,0,0,43,62,0,0,0,47,14,22,92,7,0,0,17,0,23,4,1,0,0,2,67,29,0,134,0,0,0,0,0,0,0,117,53,53,0,3,0,6,46,32,1,0,32,11,0,0,2,0,0,0,0,147,0,36,0,1,0,0,129,0,14,30,0,51,0,48,0,0,63,37,6,0,15,0,0,36,0,0,65,0,0,0,82,0,23,0,0,1,0,0,50,63,0,0,36,150,0,0,67,31,0,7,80,46,0,59,34,5,30,10,0,0,17,16,0,1,2,116,96,0,14,15,46,24,0,109,3,13,0,0,0,33,0,0,1,0,48,0,58,0,0,0,0,0,0,0,12,0,0,1,0,0,0,20,0,0,10,0,0,55,44,0,0,30,25,0,2,0,364,0,12,46,30,23,11,0,0,22,0,0,11,133,0,13,0,0,48,99,39,183,23,0,27,0,39,0,49,27,0,0,0,23,0,0,0,15,16,11,82,0,15,10,25,0,16,0,0,0,45,6,0,165,0,33,0,0,0,0,9,18,27,0,337,57,0,0,156,46,0,34,0,274,0,0,9,0,28,0,98,0,14,26,0,26,6,7,24,97,0,37,0,0,0,0,0,0,0,19,4,0,0,9,0,0,0,0,0,1,2,0,0,0,20,11,119,36,0,10,4,0,0,33,0,0,0,0,0,0,12,0,11,0,5,3,0,0
0,56,41,257,0,16,14,11,0,31,0,133,53,153,394,0,0,0,0,532,95,0,0,782,166,0,144,64,0,0,50,0,0,0,0,42,0,51,0,251,2719,41,0,0,0,0,5,0,0,0,0,0,0,0,0,0,27,0,53,0,0,0,0,0,84,21,13,80,0,0,0,0,0,1,0,241,12,0,0,65,0,0,0,68,4,441,0,0,0,0,0,0,0,0,0,0,70,0,49,0,0,34,179,95,140,145,0,0,30,55,0,10,0,2,63,51,53,0,0,0,58,230,0,1,0,0,0,0,0,2,0,0,0,671,75,141,43,35,0,6,75,66,35,399,0,0,0,0,0,0,49,0,50,0,0,60,0,0,0,0,8,78,0,0,0,22,80,80,0,0,0,117,40,1,78,4,0,0,0,0,46,0,56,31,9,23,0,0,1,34,0,0,0,0,6,0,126,43,31,0,0,0,71,0,0,29,0,0,0,0,76,28,80,44,57,0,0,0,73,40,140,1,0,0,180,0,201,38,0,0,0,104,35,0,3,0,1,0,0,0,25,0,0,86,0,0,0,476,0,0,0,0,0,22,0,0,0,0,1,13,1,0,214,101,25,0,0,15,0,0,10,64,0,0,0,7,9,42,50,0,0,11,27,0,205,4,0,438,51,0,0,0,31,0,0,0,0,37,199,0,0,27,0,0,0,0,492,0,0,0,0,0,1,228,0,56,0,0,55,28,0,0,67,0,7,93,0,49,141,0,61,0,98,0,0,233,29,27,0,0,0,0,0,0,0,85,67,57,0,0,1,0,17,12,71,0,0,0,33,0,176,0,3,0,2,0,0,0,119,0,0,1,38,5,0,0,26,0,0,0,81,0,0,0,0,0,52,0,1,0,14,0,0,0,0,22,0,0,1,0,0,43,0,4,0,47,0,0,0,0,19,4,0,0,0,0,0,0,4,4,0,0,58,128,0,0,97,144,0,6,0,0,15,11,18,83,252,0,0,0,75,0,53,0,60,35,0,112,0,0,0,110,0,0,0,0,0,0,0,0,0,0,0,4,0,81,31,17,2,0,0,0,7,34,0,38,1,120,0,0,0,627,0,0,0,0,0,0,0,3,0,105,21,65,25,0,111,0,15,0,77,0,0,64,0,18,64,0,0,2,1,0,0,1,0,0,0,0,113,0,175,236,0,75,0,0,0,0,0,0,173,6,0,0,0,0,1,0,0,146,12,0,0,0,0,0,0,0,0,0,0,0,0,10,11,0,0,0,0,0,0
0,71,0,139,1,7,11,10,0,0,49,61,137,109,653,0,0,38,0,251,176,113,0,280,0,0,0,1,0,0,1,42,6,0,47,0,0,0,0,71,2110,0,0,0,0,0,11,0,0,0,0,1,0,5,19,0,15,41,60,1,7,0,13,1,0,52,64,84,0,35,37,0,0,0,0,0,67,4739,6,0,0,3,0,17,0,0,143,0,3,0,0,53,48,22,0,0,72,166,0,0,0,1,0,196,260,142,0,229,0,0,0,0,29,144,0,0,206,0,34,0,36,128,0,50,144,0,24,0,0,25,0,0,0,420,127,181,0,0,380,9,0,0,2,0,46,0,41,0,3,0,0,4,0,0,4,29,171,31,10,0,52,0,0,1,0,83,2,133,2,0,0,340,0,15,112,0,0,0,0,0,87,95,51,22,10,17,0,1,4,64,1,0,0,28,41,23,113,3,71,0,0,0,21,0,0,1,0,79,0,85,231,64,0,82,173,0,0,0,0,0,0,0,179,0,174,0,212,46,0,12,7,110,5,256,0,51,0,0,0,0,0,1,26,0,39,104,1,519,18,0,0,0,79,51,0,31,0,0,0,0,147,0,100,96,48,0,0,0,45,0,0,58,0,0,161,117,0,0,0,0,0,0,84,0,0,0,105,158,17,0,0,1,6,0,0,20,0,86,1,0,0,4,1,2,0,0,107,0,0,0,0,374,0,0,0,64,0,0,29,113,0,0,26,129,53,119,0,101,150,1,83,0,137,58,0,114,0,76,0,0,0,35,3,57,0,0,22,2,0,70,173,0,2,34,1,0,0,45,0,0,117,0,1,44,0,27,11,3,0,8,1,44,104,0,0,0,18,96,0,0,101,0,1,0,0,1,50,0,0,0,0,0,1,105,1,34,0,0,0,0,0,225,0,0,40,192,0,0,0,54,22,48,0,0,0,0,222,23,0,6,1,0,0,187,0,5,50,0,53,5,0,0,8,0,11,0,447,0,0,3,22,74,39,42,0,12,0,97,59,0,0,0,0,0,0,0,2,0,14,0,1,0,30,94,0,0,0,12,0,0,0,0,2,2,0,1,56,0,0,0,0,550,0,0,0,6,0,8,31,12,0,14,69,0,0,0,109,12,46,0,0,40,0,99,0,0,5,0,0,46,28,1,0,0,36,38,2,0,0,0,0,68,0,12,0,0,1,0,0,0,72,12,0,0,0,0,0,0,0,218,48,0,0,1,0,0,9,0,0,0,0,0,0,13,0,4,37,0,1,0,0
0,0,159,189,0,0,25,0,0,107,160,32,74,400,257,0,0,0,0,228,141,0,0,91,362,13,85,59,0,0,0,0,21,0,0,0,54,170,0,253,1877,44,0,0,19,0,4,0,0,0,0,0,0,6,20,0,4,0,10,395,0,0,0,0,33,56,100,57,65,270,13,13,0,0,0,173,131,4736,0,91,0,0,0,39,1,165,0,0,28,4,0,0,28,0,26,0,0,402,1,0,3,3,224,162,226,410,421,396,35,60,0,0,24,170,0,0,95,0,0,0,45,93,76,0,0,0,60,0,0,0,0,0,0,67,56,266,19,26,154,43,6,261,2,321,28,0,0,0,10,0,29,0,2,0,0,92,0,18,0,1,60,8,20,64,0,20,143,182,7,0,0,7,0,26,299,0,0,0,0,0,68,81,27,26,0,34,0,0,51,1,75,0,0,0,52,0,101,36,17,0,0,0,130,0,104,56,1,58,0,0,239,0,0,1,207,0,0,0,0,0,22,7,0,2,0,0,167,1,0,390,53,62,136,41,0,73,0,0,71,0,13,2,105,0,1,105,0,458,0,0,23,0,38,225,0,0,58,0,0,0,0,0,52,158,40,4,0,0,54,0,0,34,0,0,0,78,0,0,65,0,21,0,0,0,0,9,41,147,24,0,31,29,0,0,0,0,0,26,52,0,0,0,0,1,38,0,121,45,0,0,0,221,47,0,38,8,0,0,23,0,0,0,301,0,90,40,0,17,54,1,72,0,1,49,1,0,41,0,3,15,0,18,0,181,0,77,0,118,0,0,63,0,0,0,0,0,1,0,25,0,0,0,9,34,35,126,0,4,19,33,0,128,31,0,0,0,36,0,0,0,0,0,0,0,0,2,0,0,1,0,52,43,0,0,33,56,0,0,0,0,0,0,0,33,0,217,0,0,111,8,0,2,0,0,4,0,346,0,3,338,117,24,30,92,2,0,0,0,22,0,0,0,44,0,0,8,91,43,0,5,1,0,0,1,87,1,40,0,1,1,58,0,0,0,0,0,0,0,34,0,44,0,0,0,0,12,9,16,0,0,0,0,1,18,0,47,248,19,67,29,0,0,0,0,2,0,0,491,9,16,0,92,36,0,20,0,45,0,0,10,20,48,10,39,0,15,72,0,0,0,15,38,6,57,1,21,0,1,0,0,39,78,0,41,0,0,0,0,0,0,36,6,0,0,0,0,0,0,0,1,0,20,2,0,0,0,11,0,0,0,0,0,0,39,0,12,0,0,10,0,0
0,60,126,245,0,4,0,16,2,0,0,50,98,104,131,0,0,0,0,232,121,0,0,898,194,0,0,0,16,0,0,7,6,0,0,3,36,0,0,40,2207,0,0,0,0,0,0,0,0,0,0,0,0,0,0,0,0,17,0,1,0,0,118,0,0,11,59,0,11,222,0,32,0,0,0,0,0,3893,0,124,18,0,40,32,0,287,164,0,28,8,0,169,1,0,0,0,0,139,0,0,0,2,344,180,187,268,0,243,1,22,0,44,17,26,17,27,0,0,0,13,43,243,33,2,36,0,0,0,0,38,0,0,0,357,92,153,0,6,0,19,0,226,11,0,0,34,0,0,0,0,28,0,0,0,27,116,0,52,0,0,47,56,20,0,0,48,78,0,0,0,22,0,0,0,151,19,0,676,0,0,38,146,100,24,18,6,0,4,87,43,12,0,0,0,20,0,35,79,74,0,0,0,0,0,0,0,6,40,0,76,64,0,1,0,0,10,0,0,0,0,0,16,1,0,339,0,65,0,0,0,103,13,70,26,0,63,0,0,0,0,0,17,34,13,99,114,0,629,0,0,0,0,101,79,0,0,0,1,35,0,24,0,0,0,0,16,0,0,2,0,0,47,0,0,98,102,95,0,71,0,7,3,121,0,273,0,46,94,51,0,6,0,0,0,0,0,0,0,0,1,72,0,0,5,0,0,120,28,0,26,0,71,105,568,0,61,0,0,0,67,94,0,84,0,18,1,17,0,0,54,0,0,16,78,0,86,2,0,0,0,6,23,6,11,41,0,49,137,0,19,89,0,0,11,0,0,13,59,0,0,132,0,0,45,0,15,62,0,2,0,0,3,49,0,0,0,39,0,0,113,103,0,0,0,0,0,204,0,41,0,0,0,0,89,0,53,0,0,24,0,0,111,0,0,0,0,1,0,35,2,0,48,0,0,0,0,0,0,0,59,0,9,31,141,0,2,119,45,59,19,0,0,0,0,0,0,26,0,0,71,0,23,114,0,0,39,13,3,2,13,0,174,0,0,0,0,15,0,15,0,20,54,0,44,0,4,0,0,18,72,0,0,7,13,0,50,53,69,8,0,0,0,10,0,1,8,0,0,23,2,0,81,0,0,52,0,188,0,1,0,0,0,6,94,0,17,39,0,0,0,0,18,8,0,0,0,34,0,0,0,0,87,47,52,0,0,0,0,0,0,0,5,0,0,0,0,76,0,0,239,35,14,1,0,0,0,0,11,0,0,0,0,0,0,4,3,0,4,0,0,0
0,0,178,104,0,0,14,7,0,32,109,39,0,0,264,18,0,15,0,140,96,0,0,168,225,0,58,10,0,0,0,10,39,1,4,55,61,5,45,78,0,0,0,0,12,0,2,0,0,0,0,17,7,0,1,0,24,0,36,0,0,0,0,1,0,19,38,86,0,144,22,6,0,0,0,107,20,2481,1,89,0,0,20,0,0,191,43,5,0,5,0,77,49,1,0,0,5,0,13,0,14,0,182,110,144,121,235,165,0,32,0,16,21,0,3,0,0,0,9,28,52,202,12,0,37,0,32,4,0,0,0,0,0,300,35,214,0,16,1,0,13,167,0,325,12,48,0,0,5,0,19,0,6,0,15,60,55,0,14,0,0,18,4,66,0,13,0,0,0,0,0,0,1,0,114,32,0,0,0,0,24,72,20,8,22,6,0,20,0,38,19,2,24,0,39,0,47,26,27,0,32,0,0,0,60,19,12,0,12,21,0,25,3,4,192,4,7,0,0,0,37,0,0,6,221,0,113,27,13,0,39,0,0,0,0,47,0,0,22,10,36,0,0,10,33,98,0,0,5,0,3,0,92,0,53,0,8,0,0,7,32,16,0,0,0,0,0,96,0,0,0,34,0,0,0,0,30,0,41,0,14,0,3,0,168,6,60,78,0,0,4,56,3,0,29,0,0,43,28,17,27,15,1,14,0,0,110,51,0,1,1,125,51,0,0,0,0,1,0,15,65,9,55,41,0,21,4,30,0,34,26,5,107,26,0,128,22,0,0,0,8,16,2,37,0,31,0,84,9,29,45,12,0,27,0,0,11,48,0,0,54,41,21,51,1,58,0,0,0,0,31,50,83,37,0,0,43,41,0,0,123,0,13,0,0,2,119,0,0,17,37,7,0,0,9,17,0,0,3,0,0,13,0,36,17,0,0,1,34,1,0,11,0,23,0,1,383,17,6,28,27,0,0,113,0,1,25,85,91,33,0,0,8,0,3,0,0,31,11,22,15,29,57,12,97,0,4,22,0,21,20,51,15,0,0,0,13,5,0,0,9,10,5,0,0,2,0,0,14,0,0,2,3,16,16,0,37,64,20,0,0,0,0,6,0,39,0,176,0,17,0,49,54,27,55,0,225,0,24,11,3,8,0,129,0,7,34,8,0,6,40,20,1,2,40,14,46,4,0,0,15,59,0,0,0,5,0,0,0,1,0,0,6,0,0,0,10,0,3,106,0,4,12,0,0,0,0,2,10,0,35,0,0,6,0,7,0,0,0,0,0
0,70,155,40,0,8,14,14,0,50,38,148,0,129,322,6,16,14,0,168,61,46,0,245,127,0,73,83,12,0,0,0,15,0,8,36,0,81,0,174,1813,15,0,0,21,0,0,0,0,0,0,0,0,30,21,26,11,15,43,0,0,0,0,0,5,0,64,32,0,145,95,10,0,0,0,109,58,3185,0,34,6,0,39,46,0,324,66,0,40,0,0,27,29,0,19,2,6,116,0,0,20,0,0,0,85,107,166,0,50,36,0,3,0,76,2,12,0,0,0,0,26,0,18,27,33,0,0,3,0,81,0,0,0,163,82,198,0,22,39,6,7,0,0,266,0,21,21,0,2,0,14,2,0,0,0,0,132,27,0,0,0,5,0,132,0,44,0,39,7,0,1,102,24,24,0,33,4,451,0,0,18,156,41,18,9,34,0,3,17,40,17,0,0,0,30,0,0,40,9,0,25,0,0,0,27,0,1,19,13,1,0,28,15,4,0,0,0,0,13,0,14,8,0,0,284,0,63,4,17,0,61,97,96,27,4,47,0,0,9,0,55,0,0,56,0,0,1,308,0,0,0,0,92,19,7,27,26,6,8,0,0,60,84,50,0,0,0,70,75,0,0,45,0,0,50,33,53,0,47,0,0,0,17,0,0,0,0,92,117,0,9,0,17,0,8,0,0,0,62,0,5,0,0,16,2,0,129,13,0,6,0,86,81,193,75,0,0,0,30,0,0,0,84,17,0,0,0,0,75,7,0,0,11,1,12,36,0,16,0,0,7,18,0,28,0,57,13,35,0,20,0,4,37,11,50,0,7,0,18,0,44,0,0,24,56,30,0,52,16,0,3,0,15,14,11,0,0,36,6,0,60,0,1,0,0,6,42,0,14,32,0,5,0,47,11,1,0,1,0,0,0,0,0,0,0,12,0,0,2,17,3,0,0,14,13,0,298,14,33,2,0,0,0,141,0,12,1,0,36,0,0,0,14,1,0,0,77,0,0,23,36,0,141,13,92,20,21,0,0,5,0,10,0,0,0,0,8,0,8,0,0,0,8,17,0,4,1,0,6,34,0,0,6,40,4,0,68,23,42,0,0,108,0,4,53,13,0,0,0,0,0,49,20,12,1,13,0,25,0,0,24,11,0,73,0,3,0,0,0,9,0,8,42,0,15,0,30,14,22,0,51,69,17,0,2,0,0,0,4,0,15,17,0,1,0,0,20,13,0,206,21,0,40,6,0,0,9,0,5,14,19,0,0,4,0,0,0,0,1,0,0
0,19,159,96,0,0,3,7,0,0,130,68,200,114,406,14,0,0,0,188,203,17,0,0,32,7,74,7,6,8,0,15,0,0,8,40,13,0,0,37,666,11,0,0,9,13,5,0,0,0,0,2,0,26,1,3,29,23,50,0,4,0,16,1,0,0,105,65,4,111,47,5,0,0,0,0,0,3035,8,0,0,13,48,35,12,0,89,13,23,1,0,70,24,0,58,13,9,0,26,0,38,0,74,0,95,143,141,94,37,25,0,0,0,0,2,1,0,0,0,37,6,153,19,18,11,0,16,1,0,0,0,0,0,300,79,108,36,0,20,13,0,74,0,174,22,15,0,0,4,0,10,0,22,0,35,0,0,16,0,0,50,0,0,0,0,0,134,87,0,0,13,81,6,1,0,16,0,388,0,0,24,0,33,0,13,21,0,0,45,7,31,0,9,0,0,0,139,48,32,0,40,0,19,0,163,0,11,28,0,12,54,14,12,0,75,3,0,0,0,0,45,0,30,7,217,16,69,26,0,43,36,69,82,17,2,29,3,1,16,0,44,0,106,0,0,0,13,305,0,3,0,0,62,38,0,2,0,0,5,21,78,16,192,47,0,0,0,43,53,6,0,7,0,0,50,92,31,0,90,0,5,11,0,0,68,10,130,0,0,0,15,3,3,36,21,0,0,34,19,0,33,54,0,10,0,0,0,27,0,7,19,89,40,151,69,0,0,1,0,23,1,8,54,16,34,22,12,0,14,9,39,0,44,40,0,272,13,0,0,6,0,16,0,0,0,0,62,0,10,31,70,19,0,7,7,0,3,0,0,0,39,23,0,44,17,32,0,47,94,0,0,0,0,37,0,3,3,53,21,0,44,0,5,0,0,1,73,0,53,0,69,0,0,0,20,4,0,4,6,0,0,0,0,51,3,96,21,0,2,15,2,0,0,0,0,4,0,0,0,0,22,61,39,154,17,0,0,0,56,11,0,0,0,0,15,14,0,0,0,2,27,0,201,58,51,37,0,45,15,39,0,0,32,0,0,0,0,3,21,0,0,34,10,24,0,16,9,2,12,7,0,0,0,17,6,0,66,29,38,0,0,0,0,0,20,0,0,262,60,7,0,19,0,31,22,20,40,0,17,0,47,7,0,73,0,6,18,11,0,23,1,10,0,0,0,15,40,0,47,0,0,0,0,7,0,0,0,0,0,0,0,2,1,7,0,0,0,0,5,0,2,6,0,0,0,0,16,23,0,0,39,0,0,7,3,12,0,1,0,0,0
0,0,160,55,0,7,0,0,0,56,197,41,97,108,606,3,0,0,0,237,297,24,0,317,93,0,0,33,15,18,54,30,0,14,13,81,31,0,11,146,0,29,0,0,0,20,9,0,0,0,0,9,25,0,9,0,33,21,0,12,0,0,3,0,0,55,67,69,0,65,44,0,0,0,0,0,0,4240,0,78,0,0,19,30,0,412,55,8,14,0,0,59,49,5,0,0,0,64,0,0,0,0,101,34,97,93,67,178,0,0,0,14,0,98,7,0,0,0,0,1,0,132,22,15,86,0,0,10,0,132,0,0,0,238,91,114,51,24,22,0,11,156,0,246,1,33,0,0,0,0,3,0,39,14,8,37,0,20,6,0,37,12,0,8,0,82,170,13,0,0,0,102,6,0,0,2,0,486,0,0,23,0,62,26,29,24,0,3,10,15,15,13,0,8,10,0,31,67,18,0,0,0,32,10,20,1,4,40,13,46,0,15,0,0,74,8,0,0,0,0,32,0,2,1,273,0,205,10,0,123,76,57,75,27,0,4,7,0,15,0,70,10,0,11,1,23,1,0,9,0,0,0,0,42,0,8,0,0,0,6,98,23,168,28,0,0,0,211,65,0,0,0,25,0,13,0,0,0,45,0,25,42,10,0,18,7,0,75,74,0,0,31,4,0,1,0,0,0,29,0,36,19,13,32,0,0,103,38,0,7,4,93,112,209,78,0,0,0,29,71,35,0,82,18,27,0,17,17,49,0,29,0,0,40,0,411,24,57,1,19,0,11,0,0,0,51,19,0,18,46,0,0,18,13,0,0,0,43,51,0,44,0,8,17,62,23,0,0,40,0,0,0,48,0,0,0,34,2,2,0,0,0,0,0,0,0,48,0,23,0,22,0,0,0,15,13,0,0,0,0,0,0,0,47,3,90,0,1,11,44,0,0,0,0,48,41,346,0,13,0,0,0,2,102,5,39,30,11,48,0,0,0,0,0,0,9,134,50,0,34,16,21,229,95,107,57,0,44,0,19,0,0,0,0,0,0,14,2,21,0,0,9,37,28,0,0,4,7,1,23,0,0,2,24,8,0,183,0,0,0,0,188,1,0,48,3,0,181,40,0,0,0,0,0,0,15,103,0,0,1,33,26,0,12,0,7,25,6,0,3,0,0,21,0,97,47,38,42,38,0,6,33,0,0,4,0,1,0,0,0,0,9,16,0,13,0,16,0,1,394,0,0,24,0,0,0,0,0,0,1,1,0,1,7,11,44,0,0,0,0,0
0,82,168,22,10,5,0,18,0,0,73,78,102,52,487,3,15,1,0,116,155,0,0,254,0,0,65,3,0,21,20,0,0,0,13,28,20,10,0,74,1123,0,0,11,9,0,0,0,0,0,0,0,0,11,0,0,0,0,41,0,52,0,5,11,9,18,0,0,0,0,34,5,16,0,33,112,73,0,52,81,0,0,18,0,0,367,40,34,28,0,0,0,24,0,6,1,3,194,27,0,29,0,86,75,0,0,0,125,34,27,0,0,0,133,12,1,80,0,0,73,16,113,12,52,12,0,0,0,0,87,0,0,0,365,0,204,61,0,0,0,0,79,0,0,0,41,7,0,5,0,6,0,0,23,16,14,45,0,15,0,67,12,0,60,0,8,118,0,1,0,0,0,24,0,20,45,0,335,0,0,0,103,32,10,26,1,0,0,44,17,0,0,0,0,12,0,60,19,25,0,0,0,0,0,0,21,0,35,51,0,235,13,0,0,0,0,0,0,0,0,0,0,136,0,264,0,114,0,18,72,26,51,0,6,0,35,12,0,15,0,32,12,101,67,26,124,1,453,3,0,11,0,110,48,76,12,21,0,27,0,32,32,100,0,0,7,0,95,0,0,10,1,0,0,0,51,0,0,0,0,0,1,0,0,48,0,27,133,115,0,0,30,41,7,73,35,15,59,24,6,40,0,1,15,0,0,93,15,0,7,2,115,132,0,0,9,0,15,0,61,0,1,0,0,18,0,0,26,19,3,28,0,37,0,0,0,36,44,0,0,0,16,0,0,0,41,22,18,4,46,35,22,25,0,9,0,6,0,33,0,63,0,4,33,33,0,23,15,12,0,21,61,72,1,0,0,65,93,0,0,63,0,0,0,0,3,0,0,11,29,8,0,0,17,26,2,0,0,2,0,0,0,0,19,8,51,0,0,27,8,0,22,0,26,13,0,284,6,11,39,0,34,23,122,0,69,127,8,0,2,0,0,0,0,0,32,165,26,0,1,23,19,121,0,30,34,0,12,19,27,2,25,14,0,0,0,4,0,23,0,0,14,19,31,0,7,0,0,14,1,0,0,3,0,13,0,70,15,19,0,0,166,0,0,65,35,0,206,0,26,0,31,37,24,32,11,259,34,39,0,19,4,8,69,11,19,56,0,0,29,0,0,47,0,0,11,95,7,67,0,7,84,0,27,0,23,4,0,0,0,2,10,3,0,8,0,0,0,7,142,1,0,0,3,21,0,0,4,8,0,22,0,0,6,0,15,3,0,0,0,0
2,0,159,0,0,3,9,6,1,90,88,0,88,56,0,13,0,3,0,0,295,1,0,143,33,0,122,445,0,12,0,34,3,0,18,47,34,17,24,29,422,0,0,0,0,24,0,0,0,0,0,15,57,13,13,28,24,0,0,0,2,0,18,0,1,8,0,0,35,51,75,0,0,0,0,140,0,4329,0,131,0,0,11,37,23,0,0,0,0,2,0,85,31,0,5,0,9,0,14,0,5,50,77,43,67,101,113,0,0,0,0,37,0,92,0,29,0,0,3,0,25,115,3,0,1,0,0,1,0,0,0,0,0,203,0,0,14,6,37,10,1,136,0,150,0,0,3,0,8,0,16,0,13,0,0,20,101,29,23,0,11,32,4,173,0,48,0,0,0,0,0,137,0,13,0,0,0,348,0,0,12,0,148,41,29,4,0,0,9,0,1,11,0,0,20,0,3,39,0,0,0,0,43,0,0,0,0,0,0,48,150,0,2,58,86,0,0,0,0,0,11,0,0,0,0,0,206,43,26,0,0,19,4,121,0,96,6,10,0,9,0,11,0,33,0,0,14,296,0,0,22,0,1,53,0,0,44,5,5,0,89,29,130,0,45,0,0,200,0,0,3,0,0,0,94,25,30,0,0,0,11,45,26,3,109,1,37,0,99,0,5,18,8,1,0,45,0,35,11,1,9,36,8,21,0,0,124,41,0,10,0,93,71,63,0,0,0,0,57,0,0,0,33,20,22,41,9,56,0,0,0,0,39,38,0,339,50,0,0,14,0,0,0,26,0,114,74,52,37,28,104,0,9,7,10,0,5,109,63,0,50,0,0,17,65,33,0,0,59,0,0,0,0,0,25,0,0,0,0,0,131,0,9,0,0,0,59,0,38,0,29,8,0,59,0,0,0,0,14,0,0,0,0,45,17,71,0,1,0,0,10,0,0,0,29,11,586,0,19,85,0,26,68,0,10,7,79,60,22,5,0,0,1,14,0,0,85,0,0,0,27,19,168,137,18,26,5,0,0,15,0,26,32,0,0,0,6,0,2,0,0,23,3,0,0,66,0,0,21,38,0,0,4,0,0,42,0,40,0,0,0,323,0,25,0,0,0,91,112,1,0,29,29,16,21,0,0,15,20,0,5,34,1,62,0,4,0,11,0,15,16,0,0,0,7,50,0,0,1,0,21,145,0,3,0,0,0,0,0,0,9,8,13,0,2,0,12,23,0,491,22,6,13,18,0,0,0,5,17,0,63,0,0,13,0,36,0,0,0,0,0
0,0,142,109,0,0,19,13,0,28,114,90,0,58,337,0,16,0,0,187,65,0,0,344,188,0,0,77,0,14,0,6,13,4,16,40,15,0,13,70,720,0,0,3,0,0,3,12,0,0,0,0,27,0,4,10,23,38,38,0,7,0,2,17,1,33,97,83,5,64,67,10,0,0,0,176,40,3098,0,74,13,0,25,0,0,449,17,14,21,0,0,0,40,9,38,1,13,118,10,0,4,0,0,100,103,104,119,106,49,27,0,7,5,32,0,15,119,0,0,14,39,211,10,0,18,0,0,0,0,31,0,0,0,262,87,172,35,11,39,0,8,272,2,0,0,0,4,0,4,0,9,0,0,10,42,47,107,35,3,0,10,16,1,86,0,33,76,3,0,0,0,144,11,0,63,7,0,0,0,0,45,70,15,14,16,19,0,1,16,33,0,13,0,2,0,3,69,0,28,0,0,0,41,0,33,11,4,14,18,28,110,0,9,0,177,0,0,0,0,0,12,12,0,3,222,0,35,17,0,67,46,61,85,66,0,37,11,1,7,0,29,17,47,0,0,51,7,0,0,2,0,0,0,43,2,28,0,36,22,21,68,11,91,46,0,10,0,48,39,2,2,3,0,0,50,50,26,0,0,0,10,8,0,0,170,12,79,124,65,0,5,0,16,17,27,11,6,0,12,17,0,20,1,0,2,0,85,20,0,12,0,77,55,0,32,7,0,10,0,0,15,0,66,30,12,5,0,51,0,0,15,0,67,0,0,214,3,45,0,0,8,19,0,39,0,21,0,69,20,0,0,14,0,0,10,0,1,0,0,1,0,7,5,0,0,7,12,3,70,0,13,0,20,0,0,0,30,48,10,0,38,0,0,0,0,2,55,0,0,12,24,25,0,0,0,0,0,17,7,0,0,13,0,0,0,61,6,0,0,0,0,9,0,0,26,2,0,0,12,32,2,7,38,80,0,0,0,35,31,3,0,0,11,0,1,3,115,0,0,24,15,13,180,0,62,53,4,0,0,26,0,0,12,0,0,0,8,0,3,0,0,0,0,62,0,7,0,5,9,11,0,2,7,10,5,13,145,9,41,0,0,223,7,2,30,14,0,76,43,3,0,0,17,0,17,2,85,0,19,8,18,7,0,114,0,0,0,11,0,8,0,0,20,0,22,0,0,9,39,0,13,55,34,0,20,0,0,0,0,0,0,20,0,0,4,0,0,0,2,0,0,4,0,0,28,0,0,0,3,1,11,0,0,8,0,0,0,0,2,0,0
0,47,125,82,0,0,1,6,2,58,0,128,119,116,0,0,0,0,0,0,0,16,0,280,0,0,116,0,13,3,0,0,0,0,14,0,31,0,14,0,1167,5,0,0,7,14,0,0,0,0,8,0,33,14,0,0,31,16,0,74,2,0,0,0,1,0,93,99,0,120,59,18,0,0,13,183,62,2903,13,120,0,0,17,0,6,0,7,22,42,5,0,43,7,0,0,1,5,35,17,0,10,24,0,48,78,103,89,50,0,0,0,2,30,37,0,12,62,0,0,0,13,86,23,32,37,0,13,0,0,107,12,0,0,0,0,0,45,0,2,11,0,130,2,255,0,36,0,0,4,0,7,0,0,0,0,54,73,30,2,0,60,20,0,0,0,0,104,9,0,0,0,47,9,0,107,24,0,366,0,0,37,66,9,0,7,0,0,12,2,7,14,0,0,0,15,5,0,27,20,0,9,0,33,5,56,45,23,39,0,0,103,0,1,11,112,9,0,0,0,0,73,15,0,0,104,0,173,12,13,9,0,27,88,31,0,47,0,0,0,0,33,4,0,35,23,0,0,180,3,0,23,0,91,15,33,11,7,0,11,0,106,25,195,29,13,7,0,109,49,7,0,0,0,0,27,0,23,16,95,0,0,32,0,0,0,8,61,128,109,0,0,0,4,0,0,95,3,21,18,0,55,0,15,24,0,0,76,14,1,7,3,45,0,117,0,8,0,30,0,19,0,4,16,0,60,0,13,0,25,7,20,1,27,22,0,440,22,65,0,0,0,14,1,50,12,39,17,76,0,0,0,11,64,4,0,0,0,12,0,5,46,0,8,14,0,16,13,27,35,0,2,55,0,31,3,7,37,19,0,5,77,2,0,0,0,3,0,0,0,0,32,14,0,53,0,8,0,3,6,0,0,0,4,27,0,34,3,0,0,0,3,29,0,21,44,0,464,11,6,30,13,22,54,0,8,14,21,11,11,0,0,0,4,6,0,0,85,0,0,42,25,0,159,97,21,45,22,0,0,31,14,16,24,0,0,0,3,1,21,0,14,22,8,92,0,33,0,0,12,0,0,0,4,12,4,9,37,26,19,13,0,185,0,2,0,0,0,0,41,13,0,69,22,24,1,0,0,2,14,0,27,17,5,0,8,7,19,0,1,0,0,2,39,0,17,0,36,30,26,9,0,67,8,5,0,1,0,0,0,0,16,15,0,18,0,0,7,0,0,0,34,0,8,0,0,0,7,0,3,0,12,0,0,0,0,34,2,0,0,0,0
